[
    {
        "code": "LSE",
        "stockExchange": "London Stock Exchange",
        "topStocks": [
            {
                "code": "CRDA",
                "stockName": "CRODA INTERNATIONAL PLC",
                "price": 4807.00
            },
            {
                "code": "GSK",
                "stockName": "GSK PLC",
                "price": 1574.80
            },
            {
                "code": "ANTO",
                "stockName": "ANTOFAGASTA PLC",
                "price": 1746.00
            },
            {
                "code": "FLTR",
                "stockName": "FLUTTER ENTERTAINMENT PLC",
                "price": 16340.00
            },
            {
                "code": "BDEV",
                "stockName": "BARRATT DEVELOPMENTS PLC",
                "price": 542.60
            }
        ]
    },
    {
        "code": "NYSE",
        "stockExchange": "New York Stock Exchange",
        "topStocks": [
            {
                "code": "AHT",
                "stockName": "Ashford Hospitality Trust",
                "price": 1.72
            },
            {
                "code": "KUKE",
                "stockName": "Kuke Music Holding Ltd",
                "price": 1.20
            },
            {
                "code": "ASH",
                "stockName": "Ashland Inc.",
                "price": 93.42
            },
            {
                "code": "NMR",
                "stockName": "Nomura Holdings Inc.",
                "price": 5.84
            },
            {
                "code": "LC",
                "stockName": "LendingClub Corp",
                "price": 9.71
            }
        ]
    },
    {
        "code": "NASDAQ",
        "stockExchange": "Nasdaq",
        "topStocks": [
            {
                "code": "AMD",
                "stockName": "Advanced Micro Devices, Inc.",
                "price": 164.21
            },
            {
                "code": "TSLA",
                "stockName": "Tesla, Inc.",
                "price": 190.35
            },
            {
                "code": "SOFI",
                "stockName": "SoFi Technologies, Inc.",
                "price": 8.24
            },
            {
                "code": "PARA",
                "stockName": "Paramount Global",
                "price": 14.92
            },
            {
                "code": "GOOGL",
                "stockName": "Alphabet Inc.",
                "price": 141.91
            }
        ]
    }
]